email,password,firstName,lastName,role
zora.heller@zenvy.test,Password123!,Zora,Heller,user
keanu_schmitt@zenvy.test,Password123!,Keanu,Schmitt,user
marisa.hammes59@zenvy.test,Password123!,Marisa,Hammes,user
arnulfo_schmeler@zenvy.test,Password123!,Arnulfo,Schmeler,user
jana_schuster@zenvy.test,Password123!,Jana,Schuster,user
darion.marquardt99@zenvy.test,Password123!,Darion,Marquardt,user
lew.wilderman@zenvy.test,Password123!,Lew,Wilderman,user
adonis.schoen70@zenvy.test,Password123!,Adonis,Schoen,user
derek_schuppe91@zenvy.test,Password123!,Derek,Schuppe,user
adrienne.corwin@zenvy.test,Password123!,Adrienne,Corwin,user
ola.wisozk96@zenvy.test,Password123!,Ola,Wisozk,user
eddie.boyer21@zenvy.test,Password123!,Eddie,Boyer,user
lester_hackett@zenvy.test,Password123!,Lester,Hackett,user
shanny_emard33@zenvy.test,Password123!,Shanny,Emard,user
mark.reinger@zenvy.test,Password123!,Mark,Reinger,user
arne.baumbach81@zenvy.test,Password123!,Arne,Baumbach,user
bradford.farrell55@zenvy.test,Password123!,Bradford,Farrell,user
holden.hickle83@zenvy.test,Password123!,Holden,Hickle,user
keon.weimann@zenvy.test,Password123!,Keon,Weimann,user
trey_nikolaus19@zenvy.test,Password123!,Trey,Nikolaus,user
kellie_connelly52@zenvy.test,Password123!,Kellie,Connelly,user
leann.cummings@zenvy.test,Password123!,Leann,Cummings,user
morgan_jacobs@zenvy.test,Password123!,Morgan,Jacobs,user
kristopher_vonrueden42@zenvy.test,Password123!,Kristopher,VonRueden,user
jaclyn_friesen0@zenvy.test,Password123!,Jaclyn,Friesen,user
remington.nitzsche54@zenvy.test,Password123!,Remington,Nitzsche,user
arden.marks36@zenvy.test,Password123!,Arden,Marks,user
davion_haag@zenvy.test,Password123!,Davion,Haag,user
evalyn.hyatt@zenvy.test,Password123!,Evalyn,Hyatt,user
mortimer.mcdermott7@zenvy.test,Password123!,Mortimer,McDermott,user
sabryna.kuhn-gutkowski@zenvy.test,Password123!,Sabryna,Kuhn-Gutkowski,user
burnice_murphy77@zenvy.test,Password123!,Burnice,Murphy,user
quinten.considine52@zenvy.test,Password123!,Quinten,Considine,user
layne_ohara@zenvy.test,Password123!,Layne,O'Hara,user
berta.herman@zenvy.test,Password123!,Berta,Herman,user
taryn.zulauf-gerlach@zenvy.test,Password123!,Taryn,Zulauf-Gerlach,user
obie.murphy@zenvy.test,Password123!,Obie,Murphy,user
carolanne.kub@zenvy.test,Password123!,Carolanne,Kub,user
margaret_reilly76@zenvy.test,Password123!,Margaret,Reilly,user
rita_oconnell@zenvy.test,Password123!,Rita,O'Connell,user
reanna_cole@zenvy.test,Password123!,Reanna,Cole,user
stanley_lowe@zenvy.test,Password123!,Stanley,Lowe,user
gabe.beier22@zenvy.test,Password123!,Gabe,Beier,user
nicolas_mante@zenvy.test,Password123!,Nicolas,Mante,user
jeremie_mraz@zenvy.test,Password123!,Jeremie,Mraz,user
dawson.heathcote44@zenvy.test,Password123!,Dawson,Heathcote,user
sallie_bradtke14@zenvy.test,Password123!,Sallie,Bradtke,user
kiara.kassulke40@zenvy.test,Password123!,Kiara,Kassulke,user
ethel.farrell20@zenvy.test,Password123!,Ethel,Farrell,user
else_hackett62@zenvy.test,Password123!,Else,Hackett,user
dedrick_casper66@zenvy.test,Password123!,Dedrick,Casper,user
adolphus.kunde75@zenvy.test,Password123!,Adolphus,Kunde,user
breanne_dach65@zenvy.test,Password123!,Breanne,Dach,user
sim_kunde@zenvy.test,Password123!,Sim,Kunde,user
rebeka_koepp-runolfsdottir21@zenvy.test,Password123!,Rebeka,Koepp-Runolfsdottir,user
chet_hilpert59@zenvy.test,Password123!,Chet,Hilpert,user
tina.spinka24@zenvy.test,Password123!,Tina,Spinka,user
aubrey.schaefer@zenvy.test,Password123!,Aubrey,Schaefer,user
dusty.kunze@zenvy.test,Password123!,Dusty,Kunze,user
donnell.homenick21@zenvy.test,Password123!,Donnell,Homenick,user
kayden.leffler51@zenvy.test,Password123!,Kayden,Leffler,user
ariane_swift-wehner84@zenvy.test,Password123!,Ariane,Swift-Wehner,user
louisa_ankunding18@zenvy.test,Password123!,Louisa,Ankunding,user
helene_wehner@zenvy.test,Password123!,Helene,Wehner,user
jose_kemmer@zenvy.test,Password123!,Jose,Kemmer,user
karl_stamm@zenvy.test,Password123!,Karl,Stamm,user
marielle.moen@zenvy.test,Password123!,Marielle,Moen,user
nicole.harris70@zenvy.test,Password123!,Nicole,Harris,user
daisy_trantow@zenvy.test,Password123!,Daisy,Trantow,user
adrianna.murray21@zenvy.test,Password123!,Adrianna,Murray,user
marianna.franecki88@zenvy.test,Password123!,Marianna,Franecki,user
jacinthe_krajcik29@zenvy.test,Password123!,Jacinthe,Krajcik,user
tyrel.green-schulist1@zenvy.test,Password123!,Tyrel,Green-Schulist,user
derick.hettinger97@zenvy.test,Password123!,Derick,Hettinger,user
keyon.morar@zenvy.test,Password123!,Keyon,Morar,user
mayra.ledner15@zenvy.test,Password123!,Mayra,Ledner,user
oceane.daniel@zenvy.test,Password123!,Oceane,Daniel,user
iliana_pagac1@zenvy.test,Password123!,Iliana,Pagac,user
colton_dare@zenvy.test,Password123!,Colton,Dare,user
else_davis51@zenvy.test,Password123!,Else,Davis,user
alayna.botsford84@zenvy.test,Password123!,Alayna,Botsford,user
eriberto_ankunding@zenvy.test,Password123!,Eriberto,Ankunding,user
aurelie_balistreri27@zenvy.test,Password123!,Aurelie,Balistreri,user
kamron.swift@zenvy.test,Password123!,Kamron,Swift,user
kaci.kovacek55@zenvy.test,Password123!,Kaci,Kovacek,user
monte_mohr-gottlieb@zenvy.test,Password123!,Monte,Mohr-Gottlieb,user
brandi_kassulke@zenvy.test,Password123!,Brandi,Kassulke,user
gerson_macgyver@zenvy.test,Password123!,Gerson,MacGyver,user
aubree_schaden@zenvy.test,Password123!,Aubree,Schaden,user
dora.brekke@zenvy.test,Password123!,Dora,Brekke,user
brandt_emmerich@zenvy.test,Password123!,Brandt,Emmerich,user
melba_ebert8@zenvy.test,Password123!,Melba,Ebert,user
sherwood.zboncak@zenvy.test,Password123!,Sherwood,Zboncak,user
ladarius_herzog21@zenvy.test,Password123!,Ladarius,Herzog,user
barry.weber53@zenvy.test,Password123!,Barry,Weber,user
edwina_miller@zenvy.test,Password123!,Edwina,Miller,user
lon_satterfield@zenvy.test,Password123!,Lon,Satterfield,user
yadira_schinner19@zenvy.test,Password123!,Yadira,Schinner,user
darron.brakus87@zenvy.test,Password123!,Darron,Brakus,user
keon_toy@zenvy.test,Password123!,Keon,Toy,user
myrtis_cremin18@zenvy.test,Password123!,Myrtis,Cremin,user
vergie.robel@zenvy.test,Password123!,Vergie,Robel,user
brant.lindgren54@zenvy.test,Password123!,Brant,Lindgren,user
rae_quitzon68@zenvy.test,Password123!,Rae,Quitzon,user
merl.okuneva-johnson15@zenvy.test,Password123!,Merl,Okuneva-Johnson,user
steve.bednar@zenvy.test,Password123!,Steve,Bednar,user
percy.cormier@zenvy.test,Password123!,Percy,Cormier,user
randall.walter@zenvy.test,Password123!,Randall,Walter,user
aliza.goyette@zenvy.test,Password123!,Aliza,Goyette,user
helena_lesch@zenvy.test,Password123!,Helena,Lesch,user
nestor.stark@zenvy.test,Password123!,Nestor,Stark,user
helen.rodriguez63@zenvy.test,Password123!,Helen,Rodriguez,user
russ_treutel@zenvy.test,Password123!,Russ,Treutel,user
myron.lowe40@zenvy.test,Password123!,Myron,Lowe,user
jerad_nienow9@zenvy.test,Password123!,Jerad,Nienow,user
benny_paucek@zenvy.test,Password123!,Benny,Paucek,user
trenton_kemmer82@zenvy.test,Password123!,Trenton,Kemmer,user
emelie.streich74@zenvy.test,Password123!,Emelie,Streich,user
corine_krajcik@zenvy.test,Password123!,Corine,Krajcik,user
jaydon_moen71@zenvy.test,Password123!,Jaydon,Moen,user
arlo_gusikowski@zenvy.test,Password123!,Arlo,Gusikowski,user
kamron_gutmann@zenvy.test,Password123!,Kamron,Gutmann,user
mathew.white58@zenvy.test,Password123!,Mathew,White,user
jake.haley55@zenvy.test,Password123!,Jake,Haley,user
ruby_goodwin@zenvy.test,Password123!,Ruby,Goodwin,user
genevieve.heidenreich57@zenvy.test,Password123!,Genevieve,Heidenreich,user
jocelyn_hane@zenvy.test,Password123!,Jocelyn,Hane,user
rosalinda_ernser@zenvy.test,Password123!,Rosalinda,Ernser,user
alexandro_beier@zenvy.test,Password123!,Alexandro,Beier,user
thora_wilderman58@zenvy.test,Password123!,Thora,Wilderman,user
aron.buckridge@zenvy.test,Password123!,Aron,Buckridge,user
davin.senger@zenvy.test,Password123!,Davin,Senger,user
tyree_huel48@zenvy.test,Password123!,Tyree,Huel,user
ashley.frami@zenvy.test,Password123!,Ashley,Frami,user
liliane_wiegand@zenvy.test,Password123!,Liliane,Wiegand,user
maxwell.mckenzie@zenvy.test,Password123!,Maxwell,McKenzie,user
coby_barrows@zenvy.test,Password123!,Coby,Barrows,user
jessie_windler89@zenvy.test,Password123!,Jessie,Windler,user
shanna.nolan@zenvy.test,Password123!,Shanna,Nolan,user
kenyatta.hettinger@zenvy.test,Password123!,Kenyatta,Hettinger,user
winifred_wolf@zenvy.test,Password123!,Winifred,Wolf,user
nova.rath@zenvy.test,Password123!,Nova,Rath,user
kailyn_waelchi@zenvy.test,Password123!,Kailyn,Waelchi,user
ludwig.rutherford50@zenvy.test,Password123!,Ludwig,Rutherford,user
amara.schimmel@zenvy.test,Password123!,Amara,Schimmel,user
carolina.rippin39@zenvy.test,Password123!,Carolina,Rippin,user
carleton_stoltenberg96@zenvy.test,Password123!,Carleton,Stoltenberg,user
karlie_bergnaum@zenvy.test,Password123!,Karlie,Bergnaum,user
salvatore_davis83@zenvy.test,Password123!,Salvatore,Davis,user
jane.hickle33@zenvy.test,Password123!,Jane,Hickle,user
helmer.bradtke@zenvy.test,Password123!,Helmer,Bradtke,user
angelica_kuphal@zenvy.test,Password123!,Angelica,Kuphal,user
bennie_considine@zenvy.test,Password123!,Bennie,Considine,user
trisha.shields@zenvy.test,Password123!,Trisha,Shields,user
olga_lemke@zenvy.test,Password123!,Olga,Lemke,user
sanford.bergnaum78@zenvy.test,Password123!,Sanford,Bergnaum,user
genevieve.frami@zenvy.test,Password123!,Genevieve,Frami,user
joe_cormier@zenvy.test,Password123!,Joe,Cormier,user
telly.pouros@zenvy.test,Password123!,Telly,Pouros,user
junius.king@zenvy.test,Password123!,Junius,King,user
richard_ruecker21@zenvy.test,Password123!,Richard,Ruecker,user
jerry_paucek42@zenvy.test,Password123!,Jerry,Paucek,user
effie_paucek41@zenvy.test,Password123!,Effie,Paucek,user
bartholome_mcdermott87@zenvy.test,Password123!,Bartholome,McDermott,user
ola_roberts@zenvy.test,Password123!,Ola,Roberts,user
kara_mcglynn@zenvy.test,Password123!,Kara,McGlynn,user
juana.torphy17@zenvy.test,Password123!,Juana,Torphy,user
noelia_heidenreich72@zenvy.test,Password123!,Noelia,Heidenreich,user
lisandro_bode92@zenvy.test,Password123!,Lisandro,Bode,user
luther.hamill-gerhold69@zenvy.test,Password123!,Luther,Hamill-Gerhold,user
amely.larson@zenvy.test,Password123!,Amely,Larson,user
lucinda_murphy@zenvy.test,Password123!,Lucinda,Murphy,user
jacky_towne48@zenvy.test,Password123!,Jacky,Towne,user
antonette_bashirian96@zenvy.test,Password123!,Antonette,Bashirian,user
meghan.dietrich92@zenvy.test,Password123!,Meghan,Dietrich,user
kristian_rosenbaum@zenvy.test,Password123!,Kristian,Rosenbaum,user
gardner_haag@zenvy.test,Password123!,Gardner,Haag,user
kendra.schuster86@zenvy.test,Password123!,Kendra,Schuster,user
santiago.homenick@zenvy.test,Password123!,Santiago,Homenick,user
damon.casper@zenvy.test,Password123!,Damon,Casper,user
maddison_skiles@zenvy.test,Password123!,Maddison,Skiles,user
palma.swift83@zenvy.test,Password123!,Palma,Swift,user
erna_bahringer-jones52@zenvy.test,Password123!,Erna,Bahringer-Jones,user
deron_durgan@zenvy.test,Password123!,Deron,Durgan,user
bernadine_thiel23@zenvy.test,Password123!,Bernadine,Thiel,user
melba_kuhlman93@zenvy.test,Password123!,Melba,Kuhlman,user
kaelyn.hintz@zenvy.test,Password123!,Kaelyn,Hintz,user
danika_sporer-kris@zenvy.test,Password123!,Danika,Sporer-Kris,user
marley_hane70@zenvy.test,Password123!,Marley,Hane,user
jamie.lebsack@zenvy.test,Password123!,Jamie,Lebsack,user
zander_hilpert@zenvy.test,Password123!,Zander,Hilpert,user
dean.okuneva@zenvy.test,Password123!,Dean,Okuneva,user
luisa_williamson59@zenvy.test,Password123!,Luisa,Williamson,user
kane.frami@zenvy.test,Password123!,Kane,Frami,user
leslie_schaden23@zenvy.test,Password123!,Leslie,Schaden,user
kevin_ziemann@zenvy.test,Password123!,Kevin,Ziemann,user
delphia_kreiger@zenvy.test,Password123!,Delphia,Kreiger,user
hubert.romaguera82@zenvy.test,Password123!,Hubert,Romaguera,user
frederick.reinger@zenvy.test,Password123!,Frederick,Reinger,user
waylon_goodwin52@zenvy.test,Password123!,Waylon,Goodwin,user